,country,year,low
0,Afghanistan,1989,2141
1,Afghanistan,1990,3500
2,Afghanistan,1991,6907
3,Afghanistan,1992,11275
4,Afghanistan,1993,15372
5,Afghanistan,1994,24378
6,Afghanistan,1995,29996
7,Afghanistan,1996,33365
8,Afghanistan,1997,37934
9,Afghanistan,1998,47950
10,Afghanistan,1999,52980
11,Afghanistan,2000,57192
12,Afghanistan,2001,62580
13,Afghanistan,2002,63703
14,Afghanistan,2003,64564
15,Afghanistan,2004,65337
16,Afghanistan,2005,66865
17,Afghanistan,2006,71776
18,Afghanistan,2007,78239
19,Afghanistan,2008,83423
20,Afghanistan,2009,89188
21,Afghanistan,2010,96183
22,Afghanistan,2011,103602
23,Afghanistan,2012,111252
24,Afghanistan,2013,118942
25,Afghanistan,2014,130695
26,Afghanistan,2015,147589
27,Afghanistan,2016,164883
28,Afghanistan,2017,183777
29,Afghanistan,2018,208915
30,Albania,1999,6
31,Algeria,1990,1
32,Algeria,1991,35
33,Algeria,1992,309
34,Algeria,1993,1135
35,Algeria,1994,3078
36,Algeria,1995,6113
37,Algeria,1996,7198
38,Algeria,1997,9011
39,Algeria,1998,12295
40,Algeria,1999,13448
41,Algeria,2000,14626
42,Algeria,2001,15300
43,Algeria,2002,16356
44,Algeria,2003,17070
45,Algeria,2004,17570
46,Algeria,2005,17801
47,Algeria,2006,18093
48,Algeria,2007,18587
49,Algeria,2008,18932
50,Algeria,2009,19459
51,Algeria,2010,19711
52,Algeria,2011,19979
53,Algeria,2012,20237
54,Algeria,2013,20459
55,Algeria,2014,20545
56,Algeria,2015,20652
57,Algeria,2016,20737
58,Algeria,2017,20814
59,Algeria,2018,20849
60,Angola,1989,2873
61,Angola,1990,5481
62,Angola,1991,6007
63,Angola,1992,8335
64,Angola,1993,20733
65,Angola,1994,24692
66,Angola,1995,24907
67,Angola,1996,24953
68,Angola,1997,25027
69,Angola,1998,26205
70,Angola,1999,28870
71,Angola,2000,29483
72,Angola,2001,31637
73,Angola,2002,32210
74,Angola,2003,32291
75,Angola,2004,32340
76,Angola,2005,32351
77,Angola,2006,32351
78,Angola,2007,32377
79,Angola,2008,32381
80,Angola,2009,32406
81,Angola,2010,32416
82,Angola,2011,32417
83,Angola,2013,32419
84,Angola,2014,32419
85,Angola,2015,32420
86,Angola,2016,32428
87,Angola,2017,32447
88,Angola,2018,32471
89,Argentina,1992,0
90,Armenia,1992,85
91,Armenia,1993,122
92,Armenia,1994,152
93,Armenia,1995,160
94,Armenia,2005,161
95,Armenia,2006,163
96,Armenia,2012,172
97,Armenia,2013,173
98,Armenia,2015,189
99,Armenia,2016,193
100,Armenia,2018,194
101,Australia,2018,2
102,Azerbaijan,1991,35
103,Azerbaijan,1992,2210
104,Azerbaijan,1993,3204
105,Azerbaijan,1994,4443
106,Azerbaijan,1995,4497
107,Azerbaijan,1996,4500
108,Azerbaijan,1997,4529
109,Azerbaijan,1998,4563
110,Azerbaijan,1999,4581
111,Azerbaijan,2000,4594
112,Azerbaijan,2001,4600
113,Azerbaijan,2004,4608
114,Azerbaijan,2005,4632
115,Azerbaijan,2006,4637
116,Azerbaijan,2007,4649
117,Azerbaijan,2008,4679
118,Azerbaijan,2009,4686
119,Azerbaijan,2010,4706
120,Azerbaijan,2011,4727
121,Azerbaijan,2012,4743
122,Azerbaijan,2013,4754
123,Azerbaijan,2014,4799
124,Azerbaijan,2015,4855
125,Azerbaijan,2016,4992
126,Azerbaijan,2017,5028
127,Azerbaijan,2018,5043
128,Bahrain,2011,26
129,Bangladesh,1989,81
130,Bangladesh,1990,175
131,Bangladesh,1991,279
132,Bangladesh,1992,503
133,Bangladesh,1993,542
134,Bangladesh,1994,574
135,Bangladesh,1995,588
136,Bangladesh,1996,634
137,Bangladesh,1997,649
138,Bangladesh,1998,665
139,Bangladesh,1999,678
140,Bangladesh,2000,783
141,Bangladesh,2001,840
142,Bangladesh,2002,846
143,Bangladesh,2003,854
144,Bangladesh,2004,903
145,Bangladesh,2005,975
146,Bangladesh,2006,1067
147,Bangladesh,2007,1085
148,Bangladesh,2008,1098
149,Bangladesh,2009,1107
150,Bangladesh,2010,1111
151,Bangladesh,2011,1111
152,Bangladesh,2012,1112
153,Bangladesh,2013,1150
154,Bangladesh,2014,1152
155,Bangladesh,2015,1162
156,Bangladesh,2016,1235
157,Bangladesh,2017,1283
158,Bangladesh,2018,1309
159,Belgium,2016,34
160,Belgium,2018,38
161,Bhutan,1997,4
162,Bhutan,2004,4
163,Bolivia,1998,2
164,Bolivia,2000,48
165,Bosnia-Herzegovina,1992,7048
166,Bosnia-Herzegovina,1993,12204
167,Bosnia-Herzegovina,1994,14772
168,Bosnia-Herzegovina,1995,24068
169,Botswana,1990,1
170,Brazil,1993,42
171,Brazil,1994,70
172,Brazil,1995,112
173,Brazil,1996,132
174,Brazil,1997,165
175,Brazil,1998,178
176,Brazil,1999,237
177,Brazil,2000,270
178,Brazil,2001,344
179,Brazil,2002,405
180,Brazil,2003,454
181,Brazil,2004,540
182,Brazil,2005,594
183,Brazil,2006,616
184,Brazil,2007,656
185,Brazil,2008,676
186,Brazil,2009,716
187,Brazil,2010,720
188,Brazil,2011,751
189,Brazil,2012,762
190,Brazil,2013,766
191,Brazil,2014,767
192,Brazil,2015,782
193,Brazil,2016,794
194,Brazil,2017,1103
195,Brazil,2018,1543
196,Burkina Faso,2016,26
197,Burkina Faso,2017,43
198,Burkina Faso,2018,170
199,Burundi,1990,7
200,Burundi,1991,285
201,Burundi,1992,346
202,Burundi,1993,351
203,Burundi,1994,407
204,Burundi,1995,1552
205,Burundi,1996,3831
206,Burundi,1997,5304
207,Burundi,1998,6514
208,Burundi,1999,7318
209,Burundi,2000,9238
210,Burundi,2001,10473
211,Burundi,2002,11715
212,Burundi,2003,12960
213,Burundi,2004,13619
214,Burundi,2005,13997
215,Burundi,2006,14180
216,Burundi,2007,14253
217,Burundi,2008,14473
218,Burundi,2012,14482
219,Burundi,2013,14491
220,Burundi,2014,14541
221,Burundi,2015,14761
222,Burundi,2016,14776
223,Burundi,2017,14817
224,Burundi,2018,14902
225,Cambodia (Kampuchea),1989,814
226,Cambodia (Kampuchea),1990,1185
227,Cambodia (Kampuchea),1991,1507
228,Cambodia (Kampuchea),1992,1700
229,Cambodia (Kampuchea),1993,2181
230,Cambodia (Kampuchea),1994,2693
231,Cambodia (Kampuchea),1995,3406
232,Cambodia (Kampuchea),1996,4252
233,Cambodia (Kampuchea),1997,4696
234,Cambodia (Kampuchea),1998,4968
235,Cambodia (Kampuchea),1999,4968
236,Cambodia (Kampuchea),2000,4972
237,Cambodia (Kampuchea),2003,4973
238,Cambodia (Kampuchea),2007,4975
239,Cambodia (Kampuchea),2008,4977
240,Cambodia (Kampuchea),2009,4979
241,Cambodia (Kampuchea),2011,4989
242,Cambodia (Kampuchea),2012,4990
243,Cameroon,1990,6
244,Cameroon,1991,15
245,Cameroon,1992,40
246,Cameroon,1993,72
247,Cameroon,1994,170
248,Cameroon,1996,226
249,Cameroon,1998,278
250,Cameroon,2000,280
251,Cameroon,2001,280
252,Cameroon,2004,280
253,Cameroon,2005,280
254,Cameroon,2008,280
255,Cameroon,2009,280
256,Cameroon,2013,286
257,Cameroon,2014,1333
258,Cameroon,2015,2596
259,Cameroon,2016,3087
260,Cameroon,2017,3497
261,Cameroon,2018,4476
262,Canada,1994,3
263,Canada,1995,27
264,Canada,1996,29
265,Canada,1997,31
266,Canada,1998,58
267,Canada,1999,69
268,Canada,2000,92
269,Canada,2001,93
270,Central African Republic,1991,0
271,Central African Republic,1992,3
272,Central African Republic,1993,7
273,Central African Republic,1999,12
274,Central African Republic,2000,18
275,Central African Republic,2001,273
276,Central African Republic,2002,423
277,Central African Republic,2003,437
278,Central African Republic,2004,440
279,Central African Republic,2005,448
280,Central African Republic,2006,632
281,Central African Republic,2007,775
282,Central African Republic,2008,783
283,Central African Republic,2009,1027
284,Central African Republic,2010,1165
285,Central African Republic,2011,1360
286,Central African Republic,2012,1492
287,Central African Republic,2013,4339
288,Central African Republic,2014,7368
289,Central African Republic,2015,8083
290,Central African Republic,2016,8771
291,Central African Republic,2017,10441
292,Central African Republic,2018,11014
293,Chad,1989,50
294,Chad,1990,736
295,Chad,1991,831
296,Chad,1992,1921
297,Chad,1993,2234
298,Chad,1994,2631
299,Chad,1995,2684
300,Chad,1996,2688
301,Chad,1997,2822
302,Chad,1998,3020
303,Chad,1999,3414
304,Chad,2000,4484
305,Chad,2001,4714
306,Chad,2002,5011
307,Chad,2003,5048
308,Chad,2004,5126
309,Chad,2005,5393
310,Chad,2006,7349
311,Chad,2007,7780
312,Chad,2008,8774
313,Chad,2009,8909
314,Chad,2010,8913
315,Chad,2014,8929
316,Chad,2015,9326
317,Chad,2016,9352
318,Chad,2017,9442
319,Chad,2018,9610
320,China,1989,931
321,China,1990,953
322,China,1997,957
323,China,1999,957
324,China,2005,969
325,China,2007,969
326,China,2008,1056
327,China,2009,1245
328,China,2015,1250
329,China,2017,1256
330,Colombia,1989,383
331,Colombia,1990,1083
332,Colombia,1991,1952
333,Colombia,1992,3452
334,Colombia,1993,3754
335,Colombia,1994,4965
336,Colombia,1995,5894
337,Colombia,1996,7277
338,Colombia,1997,8166
339,Colombia,1998,9811
340,Colombia,1999,11878
341,Colombia,2000,13904
342,Colombia,2001,16248
343,Colombia,2002,19225
344,Colombia,2003,20381
345,Colombia,2004,22127
346,Colombia,2005,23820
347,Colombia,2006,24408
348,Colombia,2007,24770
349,Colombia,2008,25018
350,Colombia,2009,25437
351,Colombia,2010,25879
352,Colombia,2011,26106
353,Colombia,2012,26333
354,Colombia,2013,26473
355,Colombia,2014,26629
356,Colombia,2015,26772
357,Colombia,2016,26810
358,Colombia,2017,26839
359,Colombia,2018,26988
360,Comoros,1989,29
361,Comoros,1997,85
362,Comoros,1998,125
363,Congo,1992,2
364,Congo,1993,137
365,Congo,1994,155
366,Congo,1995,157
367,Congo,1996,158
368,Congo,1997,10570
369,Congo,1998,14333
370,Congo,1999,15306
371,Congo,2001,15309
372,Congo,2002,15543
373,Congo,2003,15576
374,Congo,2005,15591
375,Congo,2007,15593
376,Congo,2008,15594
377,Congo,2011,15595
378,Congo,2012,15597
379,Congo,2015,15597
380,Congo,2016,15650
381,Congo,2017,15669
382,Congo,2018,15682
383,Croatia,1992,142
384,Croatia,1993,515
385,Croatia,1995,992
386,DR Congo (Zaire),1989,28
387,DR Congo (Zaire),1990,48
388,DR Congo (Zaire),1991,80
389,DR Congo (Zaire),1992,130
390,DR Congo (Zaire),1993,650
391,DR Congo (Zaire),1994,980
392,DR Congo (Zaire),1995,1494
393,DR Congo (Zaire),1996,33916
394,DR Congo (Zaire),1997,47394
395,DR Congo (Zaire),1998,54695
396,DR Congo (Zaire),1999,61938
397,DR Congo (Zaire),2000,64827
398,DR Congo (Zaire),2001,66168
399,DR Congo (Zaire),2002,73863
400,DR Congo (Zaire),2003,77147
401,DR Congo (Zaire),2004,77741
402,DR Congo (Zaire),2005,78010
403,DR Congo (Zaire),2006,78271
404,DR Congo (Zaire),2007,79129
405,DR Congo (Zaire),2008,80865
406,DR Congo (Zaire),2009,85876
407,DR Congo (Zaire),2010,86658
408,DR Congo (Zaire),2011,87142
409,DR Congo (Zaire),2012,88876
410,DR Congo (Zaire),2013,91002
411,DR Congo (Zaire),2014,92503
412,DR Congo (Zaire),2015,93070
413,DR Congo (Zaire),2016,94487
414,DR Congo (Zaire),2017,100114
415,DR Congo (Zaire),2018,102595
416,Djibouti,1989,6
417,Djibouti,1990,66
418,Djibouti,1991,140
419,Djibouti,1992,184
420,Djibouti,1993,217
421,Djibouti,1994,256
422,Djibouti,1995,273
423,Djibouti,1997,284
424,Djibouti,1998,300
425,Djibouti,1999,325
426,Djibouti,2008,360
427,Djibouti,2014,361
428,Djibouti,2018,361
429,Ecuador,1995,11
430,Ecuador,2001,13
431,Ecuador,2003,28
432,Ecuador,2008,53
433,Egypt,1990,4
434,Egypt,1992,17
435,Egypt,1993,125
436,Egypt,1994,287
437,Egypt,1995,520
438,Egypt,1996,669
439,Egypt,1997,812
440,Egypt,1998,841
441,Egypt,1999,845
442,Egypt,2000,850
443,Egypt,2004,885
444,Egypt,2005,1009
445,Egypt,2006,1011
446,Egypt,2008,1013
447,Egypt,2009,1014
448,Egypt,2010,1015
449,Egypt,2011,1046
450,Egypt,2012,1121
451,Egypt,2013,1256
452,Egypt,2014,1505
453,Egypt,2015,2478
454,Egypt,2016,2882
455,Egypt,2017,3669
456,Egypt,2018,4225
457,El Salvador,1989,4924
458,El Salvador,1990,5772
459,El Salvador,1991,5860
460,El Salvador,1992,5864
461,Eritrea,1993,21
462,Eritrea,1996,35
463,Eritrea,1997,66
464,Eritrea,1998,76
465,Eritrea,1999,17279
466,Eritrea,2000,19072
467,Eritrea,2003,19129
468,Eritrea,2016,19154
469,Ethiopia,1989,25385
470,Ethiopia,1990,75241
471,Ethiopia,1991,87680
472,Ethiopia,1992,88706
473,Ethiopia,1993,88839
474,Ethiopia,1994,88915
475,Ethiopia,1995,89934
476,Ethiopia,1996,89999
477,Ethiopia,1997,90011
478,Ethiopia,1998,90456
479,Ethiopia,1999,120931
480,Ethiopia,2000,169572
481,Ethiopia,2001,169945
482,Ethiopia,2002,170754
483,Ethiopia,2003,171847
484,Ethiopia,2004,172297
485,Ethiopia,2005,172561
486,Ethiopia,2006,172941
487,Ethiopia,2007,173416
488,Ethiopia,2008,173727
489,Ethiopia,2009,174317
490,Ethiopia,2010,174466
491,Ethiopia,2011,174507
492,Ethiopia,2012,174892
493,Ethiopia,2013,174972
494,Ethiopia,2014,175011
495,Ethiopia,2015,175293
496,Ethiopia,2016,175777
497,Ethiopia,2017,176234
498,Ethiopia,2018,176623
499,France,1992,0
500,France,1995,8
501,France,1996,8
502,France,2007,10
503,France,2012,14
504,France,2015,147
505,France,2016,234
506,France,2017,236
507,France,2018,248
508,Gambia,1996,0
509,Gambia,2005,8
510,Georgia,1991,52
511,Georgia,1992,827
512,Georgia,1993,2664
513,Georgia,1995,2716
514,Georgia,1997,2742
515,Georgia,1998,2780
516,Georgia,2002,2780
517,Georgia,2004,2807
518,Georgia,2008,3428
519,Georgia,2010,3431
520,Georgia,2011,3431
521,Germany,1989,3
522,Germany,1990,4
523,Germany,1992,8
524,Germany,2016,20
525,Ghana,1991,30
526,Ghana,1992,93
527,Ghana,1993,95
528,Ghana,1994,1099
529,Ghana,1995,1254
530,Ghana,2000,1261
531,Ghana,2001,1311
532,Ghana,2002,1336
533,Ghana,2008,1390
534,Ghana,2009,1398
535,Ghana,2010,1398
536,Guatemala,1989,128
537,Guatemala,1990,286
538,Guatemala,1991,404
539,Guatemala,1992,524
540,Guatemala,1993,610
541,Guatemala,1994,671
542,Guatemala,1995,713
543,Guatemala,1996,733
544,Guatemala,1997,735
545,Guatemala,1998,736
546,Guatemala,2001,741
547,Guatemala,2002,743
548,Guatemala,2004,744
549,Guatemala,2005,802
550,Guatemala,2007,807
551,Guatemala,2008,848
552,Guatemala,2009,849
553,Guatemala,2011,876
554,Guatemala,2015,896
555,Guinea,1994,0
556,Guinea,1996,27
557,Guinea,1998,39
558,Guinea,1999,52
559,Guinea,2000,273
560,Guinea,2001,703
561,Guinea,2005,703
562,Guinea,2006,718
563,Guinea,2007,760
564,Guinea,2009,850
565,Guinea,2010,851
566,Guinea,2011,876
567,Guinea,2012,885
568,Guinea,2013,983
569,Guinea,2015,986
570,Guinea,2018,989
571,Guinea-Bissau,1992,2
572,Guinea-Bissau,1998,503
573,Guinea-Bissau,1999,657
574,Guinea-Bissau,2000,657
575,Guyana,2008,29
576,Haiti,1989,21
577,Haiti,1990,23
578,Haiti,1991,185
579,Haiti,1993,222
580,Haiti,1994,266
581,Haiti,1995,267
582,Haiti,1999,278
583,Haiti,2004,432
584,Haiti,2005,472
585,Haiti,2018,494
586,Honduras,1999,9
587,Honduras,2000,15
588,Honduras,2002,16
589,Honduras,2003,63
590,Honduras,2004,93
591,Honduras,2008,111
592,Honduras,2010,168
593,Honduras,2011,186
594,Honduras,2012,204
595,Honduras,2014,225
596,Honduras,2016,235
597,India,1989,1837
598,India,1990,6531
599,India,1991,10251
600,India,1992,14392
601,India,1993,16689
602,India,1994,18118
603,India,1995,19186
604,India,1996,20512
605,India,1997,21907
606,India,1998,23431
607,India,1999,25890
608,India,2000,29770
609,India,2001,31370
610,India,2002,34218
611,India,2003,36376
612,India,2004,38119
613,India,2005,40091
614,India,2006,42175
615,India,2007,43783
616,India,2008,45485
617,India,2009,47008
618,India,2010,48561
619,India,2011,49359
620,India,2012,50129
621,India,2013,50769
622,India,2014,51314
623,India,2015,51865
624,India,2016,52625
625,India,2017,53467
626,India,2018,54404
627,Indonesia,1989,7
628,Indonesia,1990,156
629,Indonesia,1991,400
630,Indonesia,1992,453
631,Indonesia,1993,480
632,Indonesia,1994,488
633,Indonesia,1995,551
634,Indonesia,1996,585
635,Indonesia,1997,1026
636,Indonesia,1998,1097
637,Indonesia,1999,2786
638,Indonesia,2000,3634
639,Indonesia,2001,4444
640,Indonesia,2002,5142
641,Indonesia,2003,6178
642,Indonesia,2004,7247
643,Indonesia,2005,7489
644,Indonesia,2006,7502
645,Indonesia,2007,7504
646,Indonesia,2008,7509
647,Indonesia,2011,7518
648,Indonesia,2012,7519
649,Indonesia,2013,7539
650,Indonesia,2014,7551
651,Indonesia,2015,7555
652,Indonesia,2017,7557
653,Indonesia,2018,7588
654,Iran,1990,31
655,Iran,1991,75
656,Iran,1992,79
657,Iran,1993,232
658,Iran,1994,248
659,Iran,1995,265
660,Iran,1996,299
661,Iran,1997,336
662,Iran,1998,349
663,Iran,1999,368
664,Iran,2000,408
665,Iran,2001,520
666,Iran,2003,522
667,Iran,2005,551
668,Iran,2006,598
669,Iran,2007,666
670,Iran,2008,783
671,Iran,2009,929
672,Iran,2010,1025
673,Iran,2011,1231
674,Iran,2012,1248
675,Iran,2013,1259
676,Iran,2014,1261
677,Iran,2015,1270
678,Iran,2016,1329
679,Iran,2017,1371
680,Iran,2018,1428
681,Iraq,1989,50
682,Iraq,1990,167
683,Iraq,1991,24095
684,Iraq,1992,24928
685,Iraq,1993,25264
686,Iraq,1994,26167
687,Iraq,1995,27604
688,Iraq,1996,28369
689,Iraq,1997,30602
690,Iraq,1998,30681
691,Iraq,1999,30988
692,Iraq,2000,31173
693,Iraq,2001,31200
694,Iraq,2002,31311
695,Iraq,2003,39306
696,Iraq,2004,43649
697,Iraq,2005,47094
698,Iraq,2006,50869
699,Iraq,2007,54628
700,Iraq,2008,57330
701,Iraq,2009,58820
702,Iraq,2010,60356
703,Iraq,2011,61601
704,Iraq,2012,62875
705,Iraq,2013,66666
706,Iraq,2014,81699
707,Iraq,2015,92908
708,Iraq,2016,104663
709,Iraq,2017,115814
710,Iraq,2018,117227
711,Israel,1989,93
712,Israel,1990,136
713,Israel,1991,183
714,Israel,1992,254
715,Israel,1993,342
716,Israel,1994,455
717,Israel,1995,532
718,Israel,1996,662
719,Israel,1997,687
720,Israel,1998,693
721,Israel,1999,695
722,Israel,2000,800
723,Israel,2001,1147
724,Israel,2002,2028
725,Israel,2003,2499
726,Israel,2004,2993
727,Israel,2005,3190
728,Israel,2006,3845
729,Israel,2007,4380
730,Israel,2008,5024
731,Israel,2009,5632
732,Israel,2010,5696
733,Israel,2011,5769
734,Israel,2012,5842
735,Israel,2013,5850
736,Israel,2014,7532
737,Israel,2015,7547
738,Israel,2016,7558
739,Israel,2017,7577
740,Israel,2018,7647
741,Italy,1993,0
742,Ivory Coast,1990,8
743,Ivory Coast,1991,8
744,Ivory Coast,1993,9
745,Ivory Coast,1994,13
746,Ivory Coast,1995,50
747,Ivory Coast,1996,55
748,Ivory Coast,1998,55
749,Ivory Coast,1999,55
750,Ivory Coast,2000,187
751,Ivory Coast,2001,189
752,Ivory Coast,2002,1123
753,Ivory Coast,2003,1615
754,Ivory Coast,2004,1915
755,Ivory Coast,2005,2061
756,Ivory Coast,2006,2072
757,Ivory Coast,2007,2075
758,Ivory Coast,2008,2079
759,Ivory Coast,2009,2080
760,Ivory Coast,2010,2156
761,Ivory Coast,2011,3307
762,Ivory Coast,2012,3327
763,Ivory Coast,2013,3331
764,Ivory Coast,2016,3378
765,Jamaica,1989,0
766,Jamaica,1994,5
767,Jamaica,2001,121
768,Jamaica,2002,136
769,Jamaica,2003,143
770,Jordan,1992,1
771,Jordan,2005,60
772,Jordan,2016,94
773,Kenya,1989,63
774,Kenya,1990,65
775,Kenya,1991,82
776,Kenya,1992,241
777,Kenya,1993,497
778,Kenya,1994,531
779,Kenya,1995,591
780,Kenya,1996,761
781,Kenya,1997,973
782,Kenya,1998,1295
783,Kenya,1999,1428
784,Kenya,2000,1682
785,Kenya,2001,1874
786,Kenya,2002,1906
787,Kenya,2003,1913
788,Kenya,2004,1933
789,Kenya,2005,2145
790,Kenya,2006,2363
791,Kenya,2007,2549
792,Kenya,2008,3307
793,Kenya,2009,3469
794,Kenya,2010,3554
795,Kenya,2011,3688
796,Kenya,2012,3993
797,Kenya,2013,4246
798,Kenya,2014,4577
799,Kenya,2015,4964
800,Kenya,2016,5090
801,Kenya,2017,5316
802,Kenya,2018,5452
803,Kingdom of eSwatini (Swaziland),1989,2
804,Kuwait,1990,1329
805,Kuwait,1991,1746
806,Kuwait,1996,1747
807,Kuwait,2015,1773
808,Kyrgyzstan,1999,14
809,Kyrgyzstan,2000,158
810,Kyrgyzstan,2006,164
811,Kyrgyzstan,2010,208
812,Laos,1989,30
813,Laos,1990,81
814,Laos,1993,84
815,Laos,1997,86
816,Laos,1999,88
817,Laos,2000,95
818,Laos,2002,99
819,Laos,2003,104
820,Laos,2004,108
821,Laos,2006,178
822,Lebanon,1989,980
823,Lebanon,1990,2481
824,Lebanon,1991,2549
825,Lebanon,1992,2681
826,Lebanon,1993,2837
827,Lebanon,1994,2970
828,Lebanon,1995,3093
829,Lebanon,1996,3306
830,Lebanon,1997,3405
831,Lebanon,1998,3490
832,Lebanon,1999,3562
833,Lebanon,2000,3612
834,Lebanon,2001,3616
835,Lebanon,2002,3616
836,Lebanon,2003,3617
837,Lebanon,2005,3620
838,Lebanon,2006,4367
839,Lebanon,2008,4390
840,Lebanon,2012,4442
841,Lebanon,2013,4610
842,Lebanon,2014,4811
843,Lebanon,2015,4942
844,Lebanon,2016,4998
845,Lebanon,2017,5290
846,Lebanon,2018,5292
847,Lesotho,1998,35
848,Liberia,1989,45
849,Liberia,1990,3774
850,Liberia,1991,4352
851,Liberia,1992,4805
852,Liberia,1993,7478
853,Liberia,1994,11644
854,Liberia,1995,13934
855,Liberia,1996,15372
856,Liberia,1997,15385
857,Liberia,1998,15398
858,Liberia,1999,15468
859,Liberia,2000,15569
860,Liberia,2001,16050
861,Liberia,2002,18208
862,Liberia,2003,21489
863,Libya,2008,6
864,Libya,2011,3880
865,Libya,2012,4258
866,Libya,2013,4280
867,Libya,2014,5726
868,Libya,2015,7243
869,Libya,2016,9474
870,Libya,2017,10480
871,Libya,2018,11118
872,"Macedonia, FYR",1999,6
873,"Macedonia, FYR",2000,9
874,"Macedonia, FYR",2001,81
875,Madagascar (Malagasy),2002,79
876,Madagascar (Malagasy),2009,162
877,Madagascar (Malagasy),2012,177
878,Madagascar (Malagasy),2017,178
879,Malaysia,2013,68
880,Malaysia,2017,69
881,Mali,1990,582
882,Mali,1991,773
883,Mali,1992,859
884,Mali,1993,859
885,Mali,1994,1588
886,Mali,1995,1599
887,Mali,1997,1621
888,Mali,1999,1680
889,Mali,2004,1700
890,Mali,2005,1712
891,Mali,2007,1751
892,Mali,2008,1864
893,Mali,2009,1958
894,Mali,2010,1984
895,Mali,2011,2003
896,Mali,2012,2353
897,Mali,2013,3234
898,Mali,2014,3523
899,Mali,2015,3768
900,Mali,2016,3949
901,Mali,2017,4522
902,Mali,2018,5657
903,Malta,1995,0
904,Mauritania,1989,126
905,Mauritania,1990,156
906,Mauritania,1992,156
907,Mauritania,2007,160
908,Mauritania,2008,172
909,Mauritania,2009,173
910,Mauritania,2010,174
911,Mauritania,2011,183
912,Mauritania,2012,184
913,Mexico,1989,3
914,Mexico,1990,7
915,Mexico,1992,23
916,Mexico,1993,57
917,Mexico,1994,210
918,Mexico,1995,232
919,Mexico,1996,275
920,Mexico,1997,333
921,Mexico,1998,340
922,Mexico,2002,366
923,Mexico,2004,586
924,Mexico,2005,790
925,Mexico,2006,1459
926,Mexico,2007,2069
927,Mexico,2008,3938
928,Mexico,2009,6201
929,Mexico,2010,9513
930,Mexico,2011,12140
931,Mexico,2012,13789
932,Mexico,2013,14441
933,Mexico,2014,16087
934,Mexico,2015,17028
935,Mexico,2016,18348
936,Mexico,2017,19798
937,Mexico,2018,24695
938,Moldova,1992,316
939,Morocco,1989,207
940,Morocco,1991,226
941,Morocco,2003,260
942,Mozambique,1989,1547
943,Mozambique,1990,2056
944,Mozambique,1991,2970
945,Mozambique,1992,3491
946,Mozambique,2004,3492
947,Mozambique,2005,3504
948,Mozambique,2012,3506
949,Mozambique,2013,3535
950,Mozambique,2014,3553
951,Mozambique,2015,3556
952,Mozambique,2016,3586
953,Mozambique,2018,3749
954,Myanmar (Burma),1989,833
955,Myanmar (Burma),1990,1480
956,Myanmar (Burma),1991,2786
957,Myanmar (Burma),1992,4476
958,Myanmar (Burma),1993,4619
959,Myanmar (Burma),1994,5391
960,Myanmar (Burma),1995,6834
961,Myanmar (Burma),1996,7424
962,Myanmar (Burma),1997,8212
963,Myanmar (Burma),1998,8772
964,Myanmar (Burma),1999,9128
965,Myanmar (Burma),2000,9864
966,Myanmar (Burma),2001,10233
967,Myanmar (Burma),2002,10761
968,Myanmar (Burma),2003,11017
969,Myanmar (Burma),2004,11192
970,Myanmar (Burma),2005,11605
971,Myanmar (Burma),2006,12019
972,Myanmar (Burma),2007,12646
973,Myanmar (Burma),2008,12746
974,Myanmar (Burma),2009,12952
975,Myanmar (Burma),2010,13121
976,Myanmar (Burma),2011,13911
977,Myanmar (Burma),2012,14829
978,Myanmar (Burma),2013,15175
979,Myanmar (Burma),2014,15340
980,Myanmar (Burma),2015,16045
981,Myanmar (Burma),2016,16205
982,Myanmar (Burma),2017,18414
983,Myanmar (Burma),2018,18499
984,Namibia,1989,0
985,Namibia,1994,0
986,Namibia,1996,2
987,Namibia,1999,3
988,Namibia,2000,69
989,Namibia,2002,74
990,Nepal,1990,12
991,Nepal,1991,14
992,Nepal,1992,14
993,Nepal,1993,17
994,Nepal,1994,17
995,Nepal,1995,17
996,Nepal,1996,94
997,Nepal,1997,142
998,Nepal,1998,367
999,Nepal,1999,653
1000,Nepal,2000,1004
1001,Nepal,2001,1524
1002,Nepal,2002,4783
1003,Nepal,2003,6449
1004,Nepal,2004,8873
1005,Nepal,2005,10268
1006,Nepal,2006,10827
1007,Nepal,2007,10858
1008,Nepal,2008,10858
1009,Nepal,2009,10865
1010,Netherlands,1990,2
1011,Netherlands,2015,2
1012,Nicaragua,1989,526
1013,Nicaragua,1990,565
1014,Nicaragua,2018,599
1015,Niger,1989,170
1016,Niger,1990,233
1017,Niger,1991,273
1018,Niger,1992,302
1019,Niger,1993,308
1020,Niger,1994,358
1021,Niger,1995,423
1022,Niger,1996,437
1023,Niger,1997,518
1024,Niger,1998,665
1025,Niger,2004,669
1026,Niger,2007,767
1027,Niger,2008,823
1028,Niger,2012,824
1029,Niger,2013,855
1030,Niger,2014,860
1031,Niger,2015,1353
1032,Niger,2016,1652
1033,Niger,2017,1902
1034,Niger,2018,2075
1035,Nigeria,1990,89
1036,Nigeria,1991,419
1037,Nigeria,1992,1131
1038,Nigeria,1993,2316
1039,Nigeria,1994,2396
1040,Nigeria,1995,2397
1041,Nigeria,1996,2444
1042,Nigeria,1997,3039
1043,Nigeria,1998,3376
1044,Nigeria,1999,6572
1045,Nigeria,2000,8164
1046,Nigeria,2001,10577
1047,Nigeria,2002,11104
1048,Nigeria,2003,11548
1049,Nigeria,2004,13263
1050,Nigeria,2005,13429
1051,Nigeria,2006,13649
1052,Nigeria,2007,13802
1053,Nigeria,2008,14228
1054,Nigeria,2009,14754
1055,Nigeria,2010,15656
1056,Nigeria,2011,17380
1057,Nigeria,2012,19214
1058,Nigeria,2013,22404
1059,Nigeria,2014,32514
1060,Nigeria,2015,41335
1061,Nigeria,2016,45237
1062,Nigeria,2017,48765
1063,Nigeria,2018,51637
1064,Pakistan,1989,112
1065,Pakistan,1990,497
1066,Pakistan,1991,558
1067,Pakistan,1992,630
1068,Pakistan,1993,678
1069,Pakistan,1994,817
1070,Pakistan,1995,944
1071,Pakistan,1996,1003
1072,Pakistan,1997,1081
1073,Pakistan,1998,1150
1074,Pakistan,1999,1175
1075,Pakistan,2000,1176
1076,Pakistan,2001,1202
1077,Pakistan,2002,1256
1078,Pakistan,2003,1497
1079,Pakistan,2004,1927
1080,Pakistan,2005,2059
1081,Pakistan,2006,2486
1082,Pakistan,2007,3838
1083,Pakistan,2008,8415
1084,Pakistan,2009,14305
1085,Pakistan,2010,21162
1086,Pakistan,2011,24599
1087,Pakistan,2012,28139
1088,Pakistan,2013,31041
1089,Pakistan,2014,34653
1090,Pakistan,2015,37070
1091,Pakistan,2016,38114
1092,Pakistan,2017,39038
1093,Pakistan,2018,39502
1094,Panama,1989,769
1095,Papua New Guinea,1989,13
1096,Papua New Guinea,1990,74
1097,Papua New Guinea,1991,103
1098,Papua New Guinea,1992,164
1099,Papua New Guinea,1993,204
1100,Papua New Guinea,1994,230
1101,Papua New Guinea,1995,263
1102,Papua New Guinea,1996,361
1103,Papua New Guinea,1997,373
1104,Papua New Guinea,1999,433
1105,Papua New Guinea,2000,446
1106,Papua New Guinea,2001,511
1107,Papua New Guinea,2002,518
1108,Papua New Guinea,2012,575
1109,Paraguay,1989,17
1110,Peru,1989,1928
1111,Peru,1990,3156
1112,Peru,1991,4509
1113,Peru,1992,5698
1114,Peru,1993,6477
1115,Peru,1994,6850
1116,Peru,1995,7117
1117,Peru,1996,7222
1118,Peru,1997,7338
1119,Peru,1998,7371
1120,Peru,1999,7460
1121,Peru,2000,7465
1122,Peru,2001,7486
1123,Peru,2002,7499
1124,Peru,2003,7512
1125,Peru,2004,7515
1126,Peru,2005,7515
1127,Peru,2006,7526
1128,Peru,2007,7558
1129,Peru,2008,7598
1130,Peru,2009,7652
1131,Peru,2010,7681
1132,Peru,2011,7696
1133,Peru,2013,7699
1134,Peru,2014,7713
1135,Peru,2015,7722
1136,Peru,2016,7733
1137,Peru,2017,7740
1138,Philippines,1989,963
1139,Philippines,1990,2315
1140,Philippines,1991,3864
1141,Philippines,1992,4309
1142,Philippines,1993,4627
1143,Philippines,1994,4935
1144,Philippines,1995,5123
1145,Philippines,1996,5322
1146,Philippines,1997,5599
1147,Philippines,1998,5737
1148,Philippines,1999,5923
1149,Philippines,2000,7655
1150,Philippines,2001,8346
1151,Philippines,2002,9109
1152,Philippines,2003,10082
1153,Philippines,2004,10543
1154,Philippines,2005,11015
1155,Philippines,2006,11449
1156,Philippines,2007,11932
1157,Philippines,2008,12498
1158,Philippines,2009,13529
1159,Philippines,2010,13901
1160,Philippines,2011,14315
1161,Philippines,2012,14619
1162,Philippines,2013,15156
1163,Philippines,2014,15633
1164,Philippines,2015,16248
1165,Philippines,2016,16770
1166,Philippines,2017,18451
1167,Philippines,2018,18811
1168,Qatar,2004,0
1169,Rumania,1989,448
1170,Russia (Soviet Union),1989,20
1171,Russia (Soviet Union),1990,296
1172,Russia (Soviet Union),1991,636
1173,Russia (Soviet Union),1992,637
1174,Russia (Soviet Union),1993,782
1175,Russia (Soviet Union),1994,1267
1176,Russia (Soviet Union),1995,3177
1177,Russia (Soviet Union),1996,5924
1178,Russia (Soviet Union),1997,5937
1179,Russia (Soviet Union),1998,5944
1180,Russia (Soviet Union),1999,12091
1181,Russia (Soviet Union),2000,16397
1182,Russia (Soviet Union),2001,17388
1183,Russia (Soviet Union),2002,18712
1184,Russia (Soviet Union),2003,19220
1185,Russia (Soviet Union),2004,20518
1186,Russia (Soviet Union),2005,21174
1187,Russia (Soviet Union),2006,21433
1188,Russia (Soviet Union),2007,21615
1189,Russia (Soviet Union),2008,21900
1190,Russia (Soviet Union),2009,22452
1191,Russia (Soviet Union),2010,22924
1192,Russia (Soviet Union),2011,23318
1193,Russia (Soviet Union),2012,23841
1194,Russia (Soviet Union),2013,24171
1195,Russia (Soviet Union),2014,24347
1196,Russia (Soviet Union),2015,24426
1197,Russia (Soviet Union),2016,24498
1198,Russia (Soviet Union),2017,24551
1199,Russia (Soviet Union),2018,24588
1200,Rwanda,1989,0
1201,Rwanda,1990,2616
1202,Rwanda,1991,3715
1203,Rwanda,1992,4658
1204,Rwanda,1993,5617
1205,Rwanda,1994,179019
1206,Rwanda,1995,181160
1207,Rwanda,1996,181454
1208,Rwanda,1997,183848
1209,Rwanda,1998,185583
1210,Rwanda,1999,185612
1211,Rwanda,2000,185612
1212,Rwanda,2001,185961
1213,Rwanda,2002,185961
1214,Rwanda,2003,185961
1215,Rwanda,2004,185977
1216,Rwanda,2005,185977
1217,Rwanda,2006,185977
1218,Rwanda,2007,185977
1219,Rwanda,2008,185977
1220,Rwanda,2009,185978
1221,Rwanda,2010,185978
1222,Rwanda,2011,185978
1223,Rwanda,2012,185987
1224,Rwanda,2013,185991
1225,Rwanda,2014,185991
1226,Rwanda,2015,185991
1227,Rwanda,2016,186017
1228,Rwanda,2017,186027
1229,Rwanda,2018,186038
1230,Saudi Arabia,1991,91
1231,Saudi Arabia,2003,117
1232,Saudi Arabia,2004,208
1233,Saudi Arabia,2005,238
1234,Saudi Arabia,2006,249
1235,Saudi Arabia,2007,251
1236,Saudi Arabia,2015,361
1237,Saudi Arabia,2016,476
1238,Saudi Arabia,2017,479
1239,Saudi Arabia,2018,488
1240,Senegal,1989,121
1241,Senegal,1990,205
1242,Senegal,1991,221
1243,Senegal,1992,356
1244,Senegal,1993,641
1245,Senegal,1995,970
1246,Senegal,1996,975
1247,Senegal,1997,1341
1248,Senegal,1998,1684
1249,Senegal,1999,1715
1250,Senegal,2000,1771
1251,Senegal,2001,1818
1252,Senegal,2002,1863
1253,Senegal,2003,1901
1254,Senegal,2004,1904
1255,Senegal,2005,1945
1256,Senegal,2006,2071
1257,Senegal,2008,2082
1258,Senegal,2009,2101
1259,Senegal,2010,2120
1260,Senegal,2011,2157
1261,Senegal,2012,2180
1262,Senegal,2013,2188
1263,Senegal,2018,2189
1264,Serbia (Yugoslavia),1991,3194
1265,Serbia (Yugoslavia),1992,3529
1266,Serbia (Yugoslavia),1995,3529
1267,Serbia (Yugoslavia),1996,3531
1268,Serbia (Yugoslavia),1997,3537
1269,Serbia (Yugoslavia),1998,4127
1270,Serbia (Yugoslavia),1999,6245
1271,Serbia (Yugoslavia),2001,6245
1272,Sierra Leone,1991,1224
1273,Sierra Leone,1992,1755
1274,Sierra Leone,1993,2397
1275,Sierra Leone,1994,4494
1276,Sierra Leone,1995,7688
1277,Sierra Leone,1996,8631
1278,Sierra Leone,1997,9863
1279,Sierra Leone,1998,15016
1280,Sierra Leone,1999,19509
1281,Sierra Leone,2000,20365
1282,Sierra Leone,2001,20438
1283,Sierra Leone,2002,20439
1284,Solomon Islands,1992,2
1285,Somalia,1989,1061
1286,Somalia,1990,2695
1287,Somalia,1991,10325
1288,Somalia,1992,15054
1289,Somalia,1993,15530
1290,Somalia,1994,16154
1291,Somalia,1995,16591
1292,Somalia,1996,17538
1293,Somalia,1997,17815
1294,Somalia,1998,18119
1295,Somalia,1999,18648
1296,Somalia,2000,18810
1297,Somalia,2001,19274
1298,Somalia,2002,19885
1299,Somalia,2003,20306
1300,Somalia,2004,20972
1301,Somalia,2005,21260
1302,Somalia,2006,22294
1303,Somalia,2007,23895
1304,Somalia,2008,25566
1305,Somalia,2009,27492
1306,Somalia,2010,29949
1307,Somalia,2011,31657
1308,Somalia,2012,34445
1309,Somalia,2013,35271
1310,Somalia,2014,36225
1311,Somalia,2015,37191
1312,Somalia,2016,38521
1313,Somalia,2017,40442
1314,Somalia,2018,42562
1315,South Africa,1989,284
1316,South Africa,1990,1743
1317,South Africa,1991,2487
1318,South Africa,1992,3275
1319,South Africa,1993,4183
1320,South Africa,1994,4721
1321,South Africa,1995,4864
1322,South Africa,1996,5019
1323,South Africa,1997,5049
1324,South Africa,1998,5093
1325,South Africa,1999,5112
1326,South Africa,2000,5112
1327,South Africa,2002,5114
1328,South Africa,2004,5114
1329,South Africa,2010,5115
1330,South Africa,2016,5116
1331,South Sudan,2011,1194
1332,South Sudan,2012,2044
1333,South Sudan,2013,3846
1334,South Sudan,2014,5389
1335,South Sudan,2015,6515
1336,South Sudan,2016,7724
1337,South Sudan,2017,8940
1338,South Sudan,2018,10057
1339,Spain,1989,17
1340,Spain,1990,36
1341,Spain,1991,80
1342,Spain,1992,103
1343,Spain,1993,115
1344,Spain,1994,126
1345,Spain,1995,138
1346,Spain,1996,142
1347,Spain,1997,154
1348,Spain,1998,161
1349,Spain,2000,181
1350,Spain,2001,194
1351,Spain,2002,199
1352,Spain,2003,202
1353,Spain,2004,393
1354,Spain,2008,395
1355,Spain,2009,398
1356,Spain,2011,399
1357,Spain,2017,415
1358,Sri Lanka,1989,1271
1359,Sri Lanka,1990,6078
1360,Sri Lanka,1991,12724
1361,Sri Lanka,1992,17165
1362,Sri Lanka,1993,19249
1363,Sri Lanka,1994,19961
1364,Sri Lanka,1995,24925
1365,Sri Lanka,1996,29022
1366,Sri Lanka,1997,31924
1367,Sri Lanka,1998,35755
1368,Sri Lanka,1999,37703
1369,Sri Lanka,2000,40272
1370,Sri Lanka,2001,41434
1371,Sri Lanka,2002,41451
1372,Sri Lanka,2003,41472
1373,Sri Lanka,2004,41538
1374,Sri Lanka,2005,41668
1375,Sri Lanka,2006,43841
1376,Sri Lanka,2007,46302
1377,Sri Lanka,2008,54755
1378,Sri Lanka,2009,65144
1379,Sri Lanka,2011,65146
1380,Sri Lanka,2013,65151
1381,Sri Lanka,2017,65152
1382,Sudan,1989,7515
1383,Sudan,1990,12850
1384,Sudan,1991,17416
1385,Sudan,1992,21530
1386,Sudan,1993,27572
1387,Sudan,1994,28532
1388,Sudan,1995,30026
1389,Sudan,1996,32761
1390,Sudan,1997,37491
1391,Sudan,1998,43249
1392,Sudan,1999,45316
1393,Sudan,2000,48853
1394,Sudan,2001,52572
1395,Sudan,2002,55773
1396,Sudan,2003,60683
1397,Sudan,2004,67865
1398,Sudan,2005,69229
1399,Sudan,2006,71412
1400,Sudan,2007,72576
1401,Sudan,2008,73817
1402,Sudan,2009,76506
1403,Sudan,2010,78296
1404,Sudan,2011,80839
1405,Sudan,2012,82314
1406,Sudan,2013,84005
1407,Sudan,2014,85827
1408,Sudan,2015,88287
1409,Sudan,2016,90254
1410,Sudan,2017,90782
1411,Sudan,2018,91183
1412,Sweden,2017,5
1413,Tajikistan,1992,3856
1414,Tajikistan,1993,4901
1415,Tajikistan,1994,5267
1416,Tajikistan,1995,5629
1417,Tajikistan,1996,8426
1418,Tajikistan,1997,8523
1419,Tajikistan,1998,9123
1420,Tajikistan,1999,9127
1421,Tajikistan,2000,9173
1422,Tajikistan,2005,9174
1423,Tajikistan,2006,9182
1424,Tajikistan,2009,9199
1425,Tajikistan,2010,9292
1426,Tajikistan,2011,9313
1427,Tajikistan,2013,9316
1428,Tajikistan,2018,9320
1429,Tanzania,1992,1
1430,Tanzania,1996,11
1431,Tanzania,1997,21
1432,Tanzania,1999,21
1433,Tanzania,2001,58
1434,Tanzania,2007,61
1435,Tanzania,2017,62
1436,Tanzania,2018,63
1437,Thailand,1989,203
1438,Thailand,1990,223
1439,Thailand,1991,225
1440,Thailand,1992,225
1441,Thailand,1993,226
1442,Thailand,1994,227
1443,Thailand,1995,239
1444,Thailand,1996,240
1445,Thailand,1997,247
1446,Thailand,1998,259
1447,Thailand,1999,260
1448,Thailand,2000,268
1449,Thailand,2001,293
1450,Thailand,2002,316
1451,Thailand,2003,342
1452,Thailand,2004,650
1453,Thailand,2005,1140
1454,Thailand,2006,1681
1455,Thailand,2007,2199
1456,Thailand,2008,2527
1457,Thailand,2009,2780
1458,Thailand,2010,2996
1459,Thailand,2011,3273
1460,Thailand,2012,3515
1461,Thailand,2013,3763
1462,Thailand,2014,3850
1463,Thailand,2015,3924
1464,Thailand,2016,3991
1465,Thailand,2017,4041
1466,Thailand,2018,4093
1467,Togo,1991,61
1468,Togo,1992,66
1469,Togo,1993,85
1470,Togo,1998,94
1471,Togo,2005,530
1472,Trinidad and Tobago,1990,32
1473,Tunisia,2015,63
1474,Tunisia,2016,135
1475,Tunisia,2017,140
1476,Tunisia,2018,147
1477,Turkey,1989,273
1478,Turkey,1990,585
1479,Turkey,1991,980
1480,Turkey,1992,2748
1481,Turkey,1993,5277
1482,Turkey,1994,9352
1483,Turkey,1995,12480
1484,Turkey,1996,15794
1485,Turkey,1997,18091
1486,Turkey,1998,20038
1487,Turkey,1999,21195
1488,Turkey,2000,21316
1489,Turkey,2001,21403
1490,Turkey,2002,21431
1491,Turkey,2003,21537
1492,Turkey,2004,21743
1493,Turkey,2005,22095
1494,Turkey,2006,22319
1495,Turkey,2007,22779
1496,Turkey,2008,23198
1497,Turkey,2009,23319
1498,Turkey,2010,23523
1499,Turkey,2011,23947
1500,Turkey,2012,24689
1501,Turkey,2013,24708
1502,Turkey,2014,24717
1503,Turkey,2015,25771
1504,Turkey,2016,27319
1505,Turkey,2017,27768
1506,Turkey,2018,28205
1507,Uganda,1989,1057
1508,Uganda,1990,1866
1509,Uganda,1991,2884
1510,Uganda,1992,2960
1511,Uganda,1994,3120
1512,Uganda,1995,3657
1513,Uganda,1996,5425
1514,Uganda,1997,6779
1515,Uganda,1998,7993
1516,Uganda,1999,9009
1517,Uganda,2000,10247
1518,Uganda,2001,10459
1519,Uganda,2002,11775
1520,Uganda,2003,13403
1521,Uganda,2004,15365
1522,Uganda,2005,16287
1523,Uganda,2006,16621
1524,Uganda,2007,16777
1525,Uganda,2008,16808
1526,Uganda,2009,16867
1527,Uganda,2010,16941
1528,Uganda,2014,16948
1529,Uganda,2016,16978
1530,Uganda,2017,16978
1531,Uganda,2018,16980
1532,Ukraine,2014,3989
1533,Ukraine,2015,5290
1534,Ukraine,2016,5533
1535,Ukraine,2017,5929
1536,Ukraine,2018,6088
1537,United Arab Emirates,2010,1
1538,United Kingdom,1989,41
1539,United Kingdom,1990,88
1540,United Kingdom,1991,126
1541,United Kingdom,1992,165
1542,United Kingdom,1993,212
1543,United Kingdom,1994,228
1544,United Kingdom,1996,230
1545,United Kingdom,1997,235
1546,United Kingdom,1998,266
1547,United Kingdom,2000,267
1548,United Kingdom,2001,268
1549,United Kingdom,2002,271
1550,United Kingdom,2003,272
1551,United Kingdom,2004,273
1552,United Kingdom,2005,326
1553,United Kingdom,2006,326
1554,United Kingdom,2009,328
1555,United Kingdom,2011,329
1556,United States of America,2001,2986
1557,United States of America,2015,3000
1558,United States of America,2017,3008
1559,Uzbekistan,1999,47
1560,Uzbekistan,2000,313
1561,Uzbekistan,2004,332
1562,Uzbekistan,2009,348
1563,Venezuela,1989,61
1564,Venezuela,1990,125
1565,Venezuela,1991,155
1566,Venezuela,1992,378
1567,Venezuela,1993,441
1568,Venezuela,1994,605
1569,Venezuela,1995,633
1570,Venezuela,1996,666
1571,Venezuela,1997,699
1572,Venezuela,1998,709
1573,Venezuela,1999,735
1574,Venezuela,2000,760
1575,Venezuela,2001,787
1576,Venezuela,2002,814
1577,Venezuela,2003,839
1578,Venezuela,2004,861
1579,Venezuela,2005,880
1580,Venezuela,2006,902
1581,Venezuela,2007,904
1582,Venezuela,2011,905
1583,Venezuela,2013,905
1584,Venezuela,2017,933
1585,Yemen (North Yemen),1994,1283
1586,Yemen (North Yemen),2003,1289
1587,Yemen (North Yemen),2004,1317
1588,Yemen (North Yemen),2008,1338
1589,Yemen (North Yemen),2009,1432
1590,Yemen (North Yemen),2010,1598
1591,Yemen (North Yemen),2011,2878
1592,Yemen (North Yemen),2012,5219
1593,Yemen (North Yemen),2013,5800
1594,Yemen (North Yemen),2014,7920
1595,Yemen (North Yemen),2015,14907
1596,Yemen (North Yemen),2016,18304
1597,Yemen (North Yemen),2017,21010
1598,Yemen (North Yemen),2018,25731
1599,Zambia,1989,14
1600,Zambia,1990,46
1601,Zambia,1993,47
1602,Zambia,2000,48
1603,Zambia,2001,55
1604,Zimbabwe (Rhodesia),1989,18
1605,Zimbabwe (Rhodesia),1990,32
1606,Zimbabwe (Rhodesia),1995,33
1607,Zimbabwe (Rhodesia),1998,34
1608,Zimbabwe (Rhodesia),1999,35
1609,Zimbabwe (Rhodesia),2001,35
1610,Zimbabwe (Rhodesia),2003,35
1611,Zimbabwe (Rhodesia),2007,35
1612,Zimbabwe (Rhodesia),2008,288
1613,Zimbabwe (Rhodesia),2009,288
1614,Zimbabwe (Rhodesia),2011,289
1615,Zimbabwe (Rhodesia),2012,290
1616,Zimbabwe (Rhodesia),2018,294
